,E_c1,tau_c1,alpha_1,E_c2,tau_c2,alpha_2,Best_Cost,LSE
mean,3084.811649886353,0.21997577638258903,0.41495344608536394,52.331316245746834,1.688917190657833,0.05736623801445507,2.527128114265609,3.1338416926697596
std,4.888347040639554e-06,1.3092703311955663e-09,9.379074724450014e-10,7.271305233359356e-07,6.019403265105757e-09,9.787716989730365e-10,5.733167046599011e-16,5.127900497022837e-16
