,E_c1,tau_c1,alpha_1,beta_1,E_c2,tau_c2,alpha_2,Best_Cost,LSE
mean,2494.2835565045634,0.823262465772836,0.4885401299786925,0.018252559968426417,75.00922698569005,4.747378759913564,0.08518641077943244,0.791203921768681,1.753507549837297
std,8.543374782378008e-06,1.4707019093603568e-08,1.2167340621841852e-09,2.341303129965617e-10,4.878962960956004e-07,6.71221649801376e-08,5.5398900567123e-10,1.7554167342883506e-16,3.1401849173675503e-16
